time,band,spatial_ref,precipitation,SPI_3,SPI_6
1981-01-01,1,0,4.2572474,,
1981-02-01,1,0,14.15256,,
1981-03-01,1,0,166.72263,0.2675160505691022,
1981-04-01,1,0,147.74937,1.1784612394128917,
1981-05-01,1,0,93.30519,1.0842774497879841,
1981-06-01,1,0,74.26033,0.389193934304673,0.36585022613287876
1981-07-01,1,0,189.1165,0.4544016887595723,0.8213467555842452
1981-08-01,1,0,169.70596,0.8669307439990745,1.0635080046940657
1981-09-01,1,0,130.63309,1.467590569741189,0.9723230801399547
1981-10-01,1,0,72.681816,0.8766216336835864,0.991137738978545
1981-11-01,1,0,27.746887,0.39433488796722016,1.1585891294730408
1981-12-01,1,0,7.3060293,-0.23871040605869615,0.7517723460774645
1982-01-01,1,0,21.194757,-0.6471314310356265,0.21714202374706087
1982-02-01,1,0,28.504618,-0.7700253117934509,-0.24550735942248492
1982-03-01,1,0,59.633232,-0.5887758179051402,-0.6549153609027706
1982-04-01,1,0,116.23456,0.05795771403737943,-0.6234903385995414
1982-05-01,1,0,125.42798,0.46156530228200005,-0.3746900234512793
1982-06-01,1,0,80.35149,0.42264436381744314,-0.0682140518770308
1982-07-01,1,0,109.8278,0.255580549584097,0.141378503802241
1982-08-01,1,0,142.40982,0.1870099669761001,0.3317614296389301
1982-09-01,1,0,106.55596,0.48164884141399494,0.4792046314446456
1982-10-01,1,0,140.08467,0.9829258442873218,0.8475680959561411
1982-11-01,1,0,65.297516,0.9047529431744645,1.0067522389387014
1982-12-01,1,0,14.385332,0.6135745055081252,0.651405559129253
1983-01-01,1,0,15.857301,-0.1573869652969584,0.5133656415674142
1983-02-01,1,0,22.174654,-0.845187197546576,0.22966332267831274
1983-03-01,1,0,35.588337,-1.146511521097268,-0.10164951766758938
1983-04-01,1,0,94.314964,-0.5546641013845548,-0.7416442963389183
1983-05-01,1,0,136.19823,0.22418500280980738,-0.7785539817052055
1983-06-01,1,0,82.66314,0.37841671078924105,-0.3733850470646968
1983-07-01,1,0,140.32152,0.4660067897612799,0.10175600262459711
1983-08-01,1,0,170.32668,0.6117153110070032,0.42979092161809
1983-09-01,1,0,115.127266,1.0118341481148434,0.7172405263561545
1983-10-01,1,0,69.951256,0.7563165159215752,0.9048870258370242
1983-11-01,1,0,33.61169,0.3063246158319067,0.7481742203966831
1983-12-01,1,0,5.7979417,-0.2227240030963089,0.4088982490828835
1984-01-01,1,0,5.301939,-0.8377685126312266,0.05073595238108994
1984-02-01,1,0,5.152862,-1.7460938691763346,-0.6296622321212901
1984-03-01,1,0,25.288479,-2.0208913163991378,-1.3191865913413219
1984-04-01,1,0,53.116375,-1.6373818738253596,-2.108659816499358
1984-05-01,1,0,134.25172,-0.18024142107029947,-1.8352865525236097
1984-06-01,1,0,99.35327,0.2408673090552799,-0.8593518667160818
1984-07-01,1,0,132.78836,0.49917159838452363,-0.19052542982241855
1984-08-01,1,0,115.65263,0.2978824800828278,0.034275254407008245
1984-09-01,1,0,126.897705,0.6182744302860436,0.399608567985456
1984-10-01,1,0,24.43692,0.08432728404025341,0.4196751439421324
1984-11-01,1,0,27.181887,-0.004710191123072841,0.02030985269383973
1984-12-01,1,0,18.045074,-0.674176874975947,-0.13966970277619328
1985-01-01,1,0,12.272107,-0.6282279265135874,-0.42284288762064687
1985-02-01,1,0,7.29082,-1.1268567114588097,-0.780078242853429
1985-03-01,1,0,60.580082,-1.032137540529158,-1.2693906977045355
1985-04-01,1,0,149.0373,0.18865944203976215,-0.5025290553195808
1985-05-01,1,0,133.7065,0.722207095306662,-0.15833253704711653
1985-06-01,1,0,77.485,0.6051950177647948,-0.00900281320611695
1985-07-01,1,0,161.6086,0.5282814578663922,0.4433972521209185
1985-08-01,1,0,145.01735,0.5502898719360148,0.6793402417471608
1985-09-01,1,0,103.98835,0.8968908968388096,0.8426115235096613
1985-10-01,1,0,42.61448,0.28474569997686766,0.6097229041461724
1985-11-01,1,0,22.298897,-0.08602792671748084,0.2550509522130178
1985-12-01,1,0,7.747132,-0.6344589448883659,0.10155458379868189
1986-01-01,1,0,5.853337,-1.0097063059194624,-0.40248478901967677
1986-02-01,1,0,25.170734,-1.101999235428945,-0.850602846294285
1986-03-01,1,0,41.73578,-1.1621352522461943,-1.3158026552105009
1986-04-01,1,0,132.56361,0.005386640992468423,-0.8569197743726329
1986-05-01,1,0,91.32939,0.22085840372145304,-0.9301145950260115
1986-06-01,1,0,128.32716,0.5680307245668105,-0.11048470935778279
1986-07-01,1,0,145.73106,0.4945715959326234,0.3386208188974518
1986-08-01,1,0,136.49239,0.7243204697306648,0.49281896859943175
1986-09-01,1,0,116.86145,0.8076148616602733,0.7662158799660163
1986-10-01,1,0,48.499638,0.3646976854168338,0.6267011208316189
1986-11-01,1,0,17.89392,0.03427872971602282,0.5995504390161328
1986-12-01,1,0,13.354504,-0.5449913963903851,0.07422908469369607
1987-01-01,1,0,8.52785,-0.9305751432227409,-0.30943012660598346
1987-02-01,1,0,19.964283,-1.0388653145110922,-0.7072377321786195
1987-03-01,1,0,91.12276,-0.4525589327686934,-0.8019656540734079
1987-04-01,1,0,77.85144,-0.11055919666857886,-0.9212930469330757
1987-05-01,1,0,222.29196,0.9952688196676748,0.3096369874306561
1987-06-01,1,0,92.59961,0.7507751459236762,0.43656641783025363
1987-07-01,1,0,105.30785,0.7340977358166888,0.5233046571864719
1987-08-01,1,0,139.7064,0.22401534496609918,0.684472541149409
1987-09-01,1,0,92.57758,0.3003474097406738,0.6827597377173474
1987-10-01,1,0,88.5129,0.5080951523247197,1.0548221855325999
1987-11-01,1,0,25.11037,0.21405421187523668,0.17505963612802297
1987-12-01,1,0,9.657571,-0.09218776400993062,-0.03801974988220134
1988-01-01,1,0,16.66831,-0.722796371455525,-0.11620569650875008
1988-02-01,1,0,30.193886,-0.7777673712652942,-0.4221378116815192
1988-03-01,1,0,26.794811,-1.1458477736289894,-0.8228074903636653
1988-04-01,1,0,126.213646,-0.17555006944857499,-0.8639280058878733
1988-05-01,1,0,65.008804,-0.13677798272256633,-1.2672969373517038
1988-06-01,1,0,96.71802,0.24738729826863176,-0.556651944823268
1988-07-01,1,0,203.06496,0.49184243560132834,0.26576891069740466
1988-08-01,1,0,172.6567,1.1048681145506003,0.5456834716147709
1988-09-01,1,0,156.25815,1.7510096115256821,1.0290953274750756
1988-10-01,1,0,99.468025,1.2322888994410202,1.3411166457832187
1988-11-01,1,0,13.870942,0.6500060157678299,1.7341277791873595
1988-12-01,1,0,6.3395104,-0.12495117208168463,1.033955119274982
1989-01-01,1,0,10.27087,-1.1318676652541164,0.37855951453669145
1989-02-01,1,0,27.140364,-1.0014936836595407,-0.07955538344388403
1989-03-01,1,0,98.47377,-0.2526424525634481,-0.3616687608587057
1989-04-01,1,0,115.85197,0.430819755634171,-0.5238012812522717
1989-05-01,1,0,96.04169,0.5197514259963472,-0.4156811864943633
1989-06-01,1,0,85.60802,0.29789601075028393,-0.054757893348818636
1989-07-01,1,0,157.39804,0.3710063949616875,0.40497748218047913
1989-08-01,1,0,149.40778,0.605765066717211,0.5907407489692365
1989-09-01,1,0,114.98961,0.9819212937197622,0.6381999483264207
1989-10-01,1,0,77.69159,0.6627669102502907,0.7096544238322128
1989-11-01,1,0,31.696632,0.3471848369402817,0.7868141549518967
1989-12-01,1,0,42.344074,0.1460383220224257,0.6239244354631452
1990-01-01,1,0,12.10698,-0.2591163146391295,0.21138255704692596
1990-02-01,1,0,76.20188,0.07906851230948182,0.175402188998306
1990-03-01,1,0,76.0087,0.06065816232072115,0.04341599518208104
1990-04-01,1,0,128.56053,0.7866482917666537,0.21818381136951706
1990-05-01,1,0,61.645973,0.22498431675375632,-0.011102096256468708
1990-06-01,1,0,64.813896,0.06438640850865582,-0.14830148068718677
1990-07-01,1,0,154.69539,0.07505882721096169,0.3260616290412987
1990-08-01,1,0,135.82178,0.35164899883206974,0.28344131263772443
1990-09-01,1,0,112.31724,0.8368313008052813,0.3815503713700766
1990-10-01,1,0,52.287083,0.35365456922473937,0.08827598563422641
1990-11-01,1,0,18.91657,0.03644617929652232,0.13152578812376234
1990-12-01,1,0,11.330852,-0.5113729982837479,0.11437908789282214
1991-01-01,1,0,17.91842,-0.7772340872336129,-0.2644743815559805
1991-02-01,1,0,26.197296,-0.795049786236715,-0.5985850775609634
1991-03-01,1,0,80.66297,-0.3871884396170097,-0.7348542971435947
1991-04-01,1,0,80.88553,-0.1239616447925713,-0.8517310866774896
1991-05-01,1,0,132.19597,0.4122442591040809,-0.4643856761731617
1991-06-01,1,0,93.03906,0.3425100182335648,-0.0711706895477271
1991-07-01,1,0,162.76724,0.5960652605279622,0.3849049277453173
1991-08-01,1,0,142.93959,0.64755644047752,0.5531538479341874
1991-09-01,1,0,94.27986,0.8146580523879099,0.584359210353519
1991-10-01,1,0,54.684536,0.28698795457855497,0.7023541247123484
1991-11-01,1,0,13.28116,-0.14418258706288184,0.3237264410944302
1991-12-01,1,0,22.707283,-0.4175848426219608,0.14661674617606302
1992-01-01,1,0,20.51088,-0.6433057007004342,-0.2656843354793006
1992-02-01,1,0,24.91413,-0.6044497321214671,-0.6653621004416291
1992-03-01,1,0,34.25236,-1.0400769435832322,-1.0640543059306566
1992-04-01,1,0,85.87354,-0.6476293873167364,-1.19854772393025
1992-05-01,1,0,85.101234,-0.24172561278483914,-1.2810993660140828
1992-06-01,1,0,85.9486,0.07538338379689348,-0.7472472269217602
1992-07-01,1,0,119.040436,0.12323945290179092,-0.26516436744767613
1992-08-01,1,0,171.66957,0.4998219453530672,0.12366715468661062
1992-09-01,1,0,97.54729,0.7222238718630759,0.32665879432923944
1992-10-01,1,0,91.23811,0.7911934102581963,0.5255109795218028
1992-11-01,1,0,33.203,0.3301036928720845,0.6393848920214632
1992-12-01,1,0,27.049414,0.1441476885819934,0.43525375683195755
1993-01-01,1,0,27.356295,-0.24279950413173437,0.32047520250483186
1993-02-01,1,0,40.993008,-0.26788810073344,-0.053887149356455846
1993-03-01,1,0,30.228237,-0.7411575126793915,-0.4015849036265456
1993-04-01,1,0,111.03017,-0.18645644499220587,-0.5419550546643085
1993-05-01,1,0,148.88316,0.38841682969378283,-0.11533952039810441
1993-06-01,1,0,94.18366,0.576789409391809,0.0704176945422024
1993-07-01,1,0,127.36897,0.5175775079838761,0.2861909730990293
1993-08-01,1,0,125.22405,0.2905642168519988,0.34354505036469196
1993-09-01,1,0,108.43378,0.5003293544213235,0.6212352711832457
1993-10-01,1,0,88.91676,0.5212624366777824,0.7796592825925255
1993-11-01,1,0,16.899601,0.2739335693800756,0.32402947949373617
1993-12-01,1,0,6.13456,-0.19759923672369945,0.03794880334429799
1994-01-01,1,0,5.3970256,-1.1824130906192185,-0.24902996824407492
1994-02-01,1,0,8.19438,-1.6132439123089417,-0.6371828776455554
1994-03-01,1,0,38.7068,-1.5809518285780944,-1.1231126598466141
1994-04-01,1,0,101.465965,-0.6033031036356848,-1.474729241118998
1994-05-01,1,0,121.42974,0.1923651803292536,-1.1884812182320568
1994-06-01,1,0,97.05301,0.41238118714685507,-0.4781762750285724
1994-07-01,1,0,166.34596,0.5820605398494365,0.20060299286789288
1994-08-01,1,0,162.77896,0.8237537629091738,0.5358285685318167
1994-09-01,1,0,104.485146,1.0701899253139102,0.7750939122675741
1994-10-01,1,0,67.55574,0.6106910074837427,0.9338958819094518
1994-11-01,1,0,62.159084,0.416161384194672,1.1296654159155999
1994-12-01,1,0,10.948117,0.057297088576829996,0.6280035247938646
1995-01-01,1,0,4.989973,-0.35269458986290275,0.12476687091086038
1995-03-01,1,0,76.93371,-0.29597505185479006,0.006773157666237642
1995-04-01,1,0,129.09856,0.5042587065573687,0.2580418921843215
1995-05-01,1,0,90.16122,0.9173487625417015,0.27010343334668446
1995-06-01,1,0,84.279564,0.4760618441638424,-0.01526857554719416
1995-07-01,1,0,139.59738,0.3827657198325055,0.5107975528692172
1995-09-01,1,0,100.5614,0.29971442399942116,0.5697878409668282
1995-10-01,1,0,64.99673,-0.0218999931822731,0.2324312966678122
1995-11-01,1,0,15.44295,-1.3618859118101125,-0.3864700469765035
1995-12-01,1,0,22.31012,-1.7622765710760364,-1.0353278612372627
1996-01-01,1,0,24.848274,-1.3345757986208915,-1.5712071943033807
1996-02-01,1,0,14.055511,-0.7932652940603501,-1.7352169730214775
1996-03-01,1,0,98.74242,0.22888236182274294,-1.0483382510823078
1996-04-01,1,0,99.04348,0.6865052450640876,-0.33907084845258384
1996-05-01,1,0,154.49535,1.54287838309686,0.5983747342574322
1996-06-01,1,0,121.51118,1.524870698891868,1.140084702130288
1996-07-01,1,0,162.07553,1.2418121851543664,1.931675336115604
1996-08-01,1,0,166.57439,0.9898589734549754,1.9020804978834873
1996-09-01,1,0,111.92037,0.8179084105411221,1.284794171047346
1996-10-01,1,0,42.911427,0.10329453959901495,0.79164150165501
1996-11-01,1,0,29.959198,-1.3116898926421852,0.28183551108209953
1996-12-01,1,0,7.182377,-2.1662389862507343,-0.32800095503905596
1997-01-01,1,0,15.856759,-1.5121857485596308,-1.495924142349171
1997-02-01,1,0,6.0988026,-1.4046287463867209,-2.0263498330181307
1997-03-01,1,0,55.76198,-0.3572721594065789,-1.836902598672054
1997-04-01,1,0,153.38235,0.7082832513488798,-0.38270662596076643
1997-05-01,1,0,91.45739,1.2007172791063079,0.12769062261260108
1997-06-01,1,0,117.7088,1.4344174361299808,0.7071785822648083
1997-07-01,1,0,129.03046,0.6915703405130574,1.2618524803417157
1997-08-01,1,0,133.39676,0.6952949380962408,1.3376750862491402
1997-09-01,1,0,96.424934,0.46447509744007404,0.9550497555101594
1997-10-01,1,0,226.30167,1.0078472167800487,0.9102246272636321
1997-11-01,1,0,130.80858,1.2155818297056045,1.0800385096443645
1997-12-01,1,0,28.587187,0.9609277192790102,1.0747280262053858
1998-01-01,1,0,42.34532,0.18020367327957768,1.1103048733863763
1998-02-01,1,0,32.140533,-0.2854895131062284,0.5303676190588772
1998-03-01,1,0,48.16017,0.10194051999796375,0.6337071054347162
1998-04-01,1,0,66.79069,0.21908060149473887,0.13880612037817713
1998-05-01,1,0,126.26313,0.757336844613135,0.2147200598266633
1998-06-01,1,0,105.07978,0.9334751206522087,0.58285573459336
1998-07-01,1,0,174.56151,1.0742994595587527,1.2586018940509716
1998-08-01,1,0,178.16171,1.020168524353481,1.4263670647493312
1998-09-01,1,0,116.15707,0.9303201051804709,1.117947707279398
1998-10-01,1,0,97.65015,0.6028120998557478,0.9221301705616751
1998-11-01,1,0,17.300228,-0.7491512432267634,0.5131591261938324
1998-12-01,1,0,4.768868,-1.500862517770836,0.13429675645311756
1999-01-01,1,0,11.73833,-1.956510840858151,-0.9429336880250784
1999-02-01,1,0,6.9310555,-1.5642020065132702,-1.615816863912492
1999-03-01,1,0,65.22699,-0.2846431702287009,-1.3708282298542562
1999-04-01,1,0,51.603874,0.016816075665630467,-1.316417718240523
1999-05-01,1,0,78.15467,0.3600504373016402,-0.6439972050082164
1999-06-01,1,0,87.86867,0.19600158640985382,-0.2761934805866798
1999-07-01,1,0,152.50537,0.5711507363767052,0.3880021088954541
1999-08-01,1,0,160.9533,0.787894217714514,0.9066957781209093
1999-09-01,1,0,107.53599,0.7374183499215452,0.6414203593470232
1999-10-01,1,0,114.24355,0.5410060397274175,0.5852129394081352
1999-11-01,1,0,15.857452,-0.6762888655529121,0.2994744432763681
1999-12-01,1,0,9.567416,-1.225472964014335,-0.05113003517052939
2000-01-01,1,0,6.0498257,-2.0229189805077548,-1.0633187338812762
2000-02-01,1,0,5.816447,-1.6275497825891787,-1.5730228408794296
2000-03-01,1,0,14.943646,-1.2243960998855947,-1.7415272791806249
2000-04-01,1,0,76.863914,-0.24358018178081425,-1.6303489584181188
2000-05-01,1,0,116.98734,0.48467182590080166,-0.5509020875606516
2000-06-01,1,0,79.82895,0.72498327277488,-0.28456092627276763
2000-07-01,1,0,148.87099,0.7362288437746286,0.3966502097859562
2000-08-01,1,0,169.74265,0.7754783120397969,0.9646095633538346
2000-09-01,1,0,100.89392,0.7312053784547892,0.8509248095593173
2000-10-01,1,0,130.9048,0.6658680098448242,0.7490618528408585
2000-11-01,1,0,37.277496,-0.3433622492982357,0.4229366001412094
2000-12-01,1,0,13.896202,-0.7212052239661766,0.21849969054267968
2001-01-01,1,0,7.8621035,-1.397996862218665,-0.5936678693429873
2001-02-01,1,0,14.253523,-1.2414875797779592,-1.164955252988094
2001-03-01,1,0,64.42748,-0.25468119929905986,-0.8235791573914706
2001-04-01,1,0,72.49284,0.25220285232790157,-0.8292283296067525
2001-05-01,1,0,95.88119,0.6890044382623086,-0.26777954851169805
2001-06-01,1,0,89.061714,0.579668589450898,0.052035283993612666
2001-07-01,1,0,163.91138,0.7549206828721189,0.8579008382029835
2001-08-01,1,0,167.46524,0.8687243029821995,1.2013105365735404
2001-09-01,1,0,99.623566,0.7788547137205059,0.833117571174053
2001-10-01,1,0,85.66547,0.33335227993199507,0.5864758381560226
2001-11-01,1,0,20.674023,-1.0437147179719892,0.24399580328678783
2001-12-01,1,0,10.61096,-1.5416145596730502,-0.1375561283888053
2002-01-01,1,0,20.600729,-1.5342749512269154,-1.1646196775156838
2002-02-01,1,0,9.592634,-1.1412930489194681,-1.6906469466935865
2002-03-01,1,0,59.794933,-0.2166267741548005,-1.3400800076629178
2002-04-01,1,0,77.50421,0.21744534683746772,-0.9270285036086179
2002-05-01,1,0,62.760895,0.40650222220370036,-0.46980293361461195
2002-06-01,1,0,83.44098,0.25743932285168886,-0.17907886123465314
2002-07-01,1,0,129.11285,0.2882458206134144,0.21506719766041718
2002-08-01,1,0,129.98393,0.5223524171985529,0.6113622555598381
2002-09-01,1,0,100.58079,0.46829605907807265,0.4170121165082725
2002-10-01,1,0,75.98559,-0.010981837041984011,0.12358185647747544
2002-11-01,1,0,20.222626,-1.1573643128013806,-0.16255895084643482
2002-12-01,1,0,36.29439,-1.320972140373026,-0.5335087057825132
2003-01-01,1,0,13.547215,-1.2099836532295525,-1.4710996607470128
2003-02-01,1,0,19.390905,-0.6799951327351708,-1.5082980533318229
2003-03-01,1,0,39.095764,-0.42777900658203266,-1.3622722381830135
2003-04-01,1,0,106.188225,0.3576584404274837,-0.6312459301204595
2003-05-01,1,0,73.90866,0.5749670448167207,-0.1344172248041171
2003-06-01,1,0,109.02259,0.8579617372203726,0.17709270584740214
2003-07-01,1,0,140.99442,0.6046677112997261,0.7678474150955272
2003-08-01,1,0,171.08478,0.8714873541396826,1.1358253340377469
2003-09-01,1,0,113.15665,0.7550597599929558,0.9292989005884732
2003-10-01,1,0,37.75729,0.10777854541293495,0.37831322985818383
2003-11-01,1,0,37.833332,-1.2600508812406686,0.1697591737716972
2004-02-01,1,0,11.480205,-2.0332576350480487,-0.38729027673410726
2004-05-01,1,0,55.101982,-0.7362426675635182,-0.9363609111725607
2004-07-01,1,0,140.70311,0.5358209651214191,-0.46960134666939063
2004-08-01,1,0,142.26889,1.4101951420326835,0.1940698092342899
2004-09-01,1,0,106.10339,1.6135534554353206,0.9014796305255759
2004-10-01,1,0,67.298775,1.3041047021566983,1.1271860780866472
2004-11-01,1,0,59.318085,0.3465347298496553,1.4594810007273669
2004-12-01,1,0,13.362594,-0.8617876033737875,1.080739279204659
2005-01-01,1,0,14.7276,-1.284541757910934,-0.25922784867269283
2005-02-01,1,0,9.919305,-2.250103772316084,-1.2423289876894006
2005-03-01,1,0,62.066994,-2.5200534431082757,-1.830837415369085
2005-04-01,1,0,88.29968,-1.6501129735258795,-1.992789551431802
2005-05-01,1,0,136.61664,0.24790491617754318,-1.943367847125625
2005-06-01,1,0,90.147064,0.9226460471755252,-1.1952469297000212
2005-07-01,1,0,151.1382,1.4170500514281725,0.4263551145290986
2005-08-01,1,0,140.1034,1.6002872165365007,1.3619190099316738
2005-09-01,1,0,108.18044,1.6585146712169536,1.8246603099129994
2005-10-01,1,0,51.489014,1.1949357198098691,1.7647685946110658
2005-11-01,1,0,27.839642,-0.12662829444330484,1.4493934741667776
2005-12-01,1,0,4.0889635,-1.5967784539873215,0.721924362857126
2006-01-01,1,0,7.713287,-2.057500703010258,-0.7253179672008637
2006-02-01,1,0,20.022987,-2.4056754641559057,-1.633135135440312
2006-03-01,1,0,57.52382,-2.5479548637616034,-2.3410179282976213
2006-04-01,1,0,109.67872,-1.279823261098255,-2.174110455409413
2006-05-01,1,0,105.30814,0.1303061403882694,-2.150440216496864
2006-06-01,1,0,93.17131,0.8829562635803464,-1.2855392518712119
2006-07-01,1,0,149.19801,1.282877147604784,0.40756059236279674
2006-08-01,1,0,180.80144,1.7714577189054574,1.474535427996369
2006-09-01,1,0,112.862785,1.8398717395976643,1.9589126416937515
2006-10-01,1,0,128.89366,1.9608136826112736,2.1029744687393905
2006-12-01,1,0,41.431816,0.8074364544297407,2.131439247168683
2007-01-01,1,0,14.668769,-0.41725640874839803,1.784452329722585
2007-02-01,1,0,25.046194,-1.3638384466934999,0.3852995052936083
2007-03-01,1,0,44.021114,-1.4770597868881143,-0.6329306465531913
2007-04-01,1,0,99.43472,-1.3164783365053943,-0.9795165655544505
2007-05-01,1,0,106.04558,-0.54731958541362,-1.363205463132165
2007-06-01,1,0,125.387276,0.5820653839037759,-1.1384226940744337
2007-07-01,1,0,161.7846,1.337434316625005,0.3299604951299268
2007-08-01,1,0,162.8432,1.7122943637178776,1.2694814595895627
2007-09-01,1,0,144.03331,1.9464952155988917,1.8787685456962766
2007-10-01,1,0,54.60008,1.4898945827796257,1.9721835509798253
2007-11-01,1,0,36.743725,0.710093727305191,1.7940334816778853
2007-12-01,1,0,4.4840465,-1.4061690807462726,1.4258592211793262
2008-01-01,1,0,13.263912,-2.1290954137737863,0.16024283668584022
2008-02-01,1,0,8.097893,-2.420939418503112,-1.3885755531324513
2008-03-01,1,0,19.274187,-2.190017274493147,-2.4342834661071935
2008-04-01,1,0,87.67294,-2.034669692853618,-2.332587986702238
2008-05-01,1,0,110.92433,-0.901295487049934,-2.0265423669068476
2008-06-01,1,0,93.15795,0.28581283429979576,-1.8714487130466895
2008-07-01,1,0,160.36192,1.1914136023967101,-0.411298592737122
2008-08-01,1,0,156.67387,1.5532121025514756,0.9136930610950496
2008-09-01,1,0,110.098434,1.7871493644488683,1.568039537392515
2008-10-01,1,0,104.36181,1.533809300563324,1.902679742385309
2008-11-01,1,0,54.786953,0.9744690103514209,1.7714844777735683
2008-12-01,1,0,7.1337924,-0.3756596377553289,1.5781918780772748
2009-01-01,1,0,21.053911,-1.6038040106248652,0.48734135608433576
2009-02-01,1,0,12.843326,-2.02675324888769,-0.958737044860368
2009-03-01,1,0,36.55659,-1.658839113764245,-1.494143306902066
2009-04-01,1,0,82.073006,-1.7922571854339713,-1.929837652653468
2009-05-01,1,0,69.183136,-1.2721803126668463,-2.1564013529732233
2009-06-01,1,0,90.361,-0.13547239621795207,-2.07177854622143
2009-07-01,1,0,126.09142,0.7493625946325041,-1.0329187527704464
2009-08-01,1,0,139.46661,1.3201634164987963,0.45790328663173907
2009-10-01,1,0,89.672104,1.4871899386204737,1.0522287381027395
2009-11-01,1,0,19.394506,0.9105343149718925,1.0888652478956342
2009-12-01,1,0,27.654255,-0.24282562162315624,0.9885417038150963
2010-01-01,1,0,14.470135,-2.123528284125379,0.5566711876620587
2010-02-01,1,0,45.35333,-1.5336225483807704,-0.5969960522186154
2010-03-01,1,0,86.93124,-0.6847628229120312,-1.1872057048775457
2010-04-01,1,0,100.104195,-0.20799665878554283,-1.0831765925963905
2010-05-01,1,0,133.34708,0.09553476422071411,-0.6804805513279957
2010-06-01,1,0,92.61332,0.1985908264032991,-0.5039511828040145
2010-07-01,1,0,166.16583,1.0029973388050946,0.36426566496970725
2010-08-01,1,0,165.60179,1.4881641294716375,1.753546877029832
2010-09-01,1,0,115.70592,1.7024060621308952,1.614076719550078
2010-10-01,1,0,44.496746,1.3536322758555295,1.5642150848629217
2010-11-01,1,0,15.566822,0.4400908334857262,1.37420262628332
2010-12-01,1,0,10.640903,-1.2000018664307286,1.10568340359112
2011-01-01,1,0,7.849491,-2.9606097686170365,0.16782686369752425
2011-02-01,1,0,9.60872,-2.8560598963935298,-2.181390669904533
2011-03-01,1,0,26.13196,-1.9721629484409071,-3.09
2011-04-01,1,0,47.687115,-1.4810257238433016,-2.667025064794966
2011-05-01,1,0,144.24083,-0.7837543905612873,-1.6811192986286942
2011-06-01,1,0,99.99939,-0.11758370222271086,-1.3298983559073356
2011-07-01,1,0,151.59479,1.027064586236355,-0.6294948509570057
2011-08-01,1,0,166.17162,1.4567655073367949,0.9384317648373633
2011-09-01,1,0,115.72254,1.6473700976223866,1.3926128656132795
2011-10-01,1,0,67.40613,1.4608431164553055,1.6714955181470434
2011-11-01,1,0,81.02554,0.9994546346512617,1.701309965055965
2011-12-01,1,0,10.685278,0.006258189524786472,1.427260539421447
2012-01-01,1,0,5.4144154,-1.382986075332096,0.745723657705672
2012-02-01,1,0,6.6428876,-3.066948236535134,-1.124830875347986
2012-03-01,1,0,23.947607,-2.142180157616559,-2.0686265091603024
2012-04-01,1,0,102.08672,-0.9503677139744542,-1.5486212893213285
2012-05-01,1,0,102.22132,-0.6848694542796528,-1.6452260153034284
2012-06-01,1,0,95.591385,-0.041620068231533365,-1.3272668745075864
2012-07-01,1,0,180.12509,0.9095394165115788,-0.39942929301914387
2012-08-01,1,0,174.38576,1.6074179105950486,1.2667742727653242
2012-09-01,1,0,125.10108,1.825011226059903,1.6409428549627698
2012-10-01,1,0,75.550476,1.573277169201197,1.701948482411221
2012-11-01,1,0,41.36237,0.8723658966295198,1.7403220868159737
2012-12-01,1,0,14.04766,-0.3113325922578258,1.5009780612918866
2013-01-01,1,0,12.526913,-1.9703447790986404,0.724169213073229
2013-02-01,1,0,9.132031,-2.605506681737331,-1.2301867151622166
2013-03-01,1,0,82.37736,-1.092501270508141,-1.6419486330750392
2013-04-01,1,0,120.13699,-0.34076913663854685,-1.180446107229225
2013-05-01,1,0,93.33698,-0.09560179463119536,-1.10926788942278
2013-06-01,1,0,90.6019,-0.002363266550259781,-0.8690960879730937
2013-07-01,1,0,176.27472,0.789533625805385,0.023913478585966007
2013-08-01,1,0,160.47958,1.502186021233106,1.598746922889244
2013-09-01,1,0,98.90589,1.6559858084735306,1.4594773790054152
2013-10-01,1,0,100.05149,1.5057168359857265,1.5710732082878593
2013-11-01,1,0,77.054756,1.0647397510150185,1.782956798004943
2013-12-01,1,0,4.5538564,0.23412739907638463,1.5283091192129057
2014-01-01,1,0,6.759188,-1.5440143102252069,0.7543070760072024
2014-02-01,1,0,15.50582,-2.903351991694813,-0.9472512220724405
2014-03-01,1,0,69.553604,-1.2311662369111964,-1.2762549614551586
2014-04-01,1,0,84.09622,-0.643862751361394,-1.337342750230994
2014-05-01,1,0,133.737,-0.16401863831941538,-1.2162167225701979
2014-06-01,1,0,69.893,-0.15817622363010603,-1.043054528217484
2014-07-01,1,0,119.48267,0.5252385188521317,-0.5328596634986718
2014-08-01,1,0,169.13432,1.1603963596447793,1.0174501943217251
2014-09-01,1,0,115.16295,1.5267108751215799,1.2308039142639051
2014-10-01,1,0,127.455284,1.725745758147799,1.631293157594494
2014-11-01,1,0,38.25645,1.0909958362608971,1.5344624931416033
2014-12-01,1,0,6.1831365,0.13788716094421402,1.3564799150858806
2015-01-01,1,0,5.9353423,-2.4202750569791442,0.8424372520804861
2015-02-01,1,0,8.260009,-3.09,-0.9645458113935172
2015-03-01,1,0,39.480114,-1.7784928094568602,-1.7378795168408332
2015-04-01,1,0,85.664894,-0.9436982915949572,-1.943843409357461
2015-05-01,1,0,131.32832,-0.4261204167309716,-1.4614076470995518
2015-06-01,1,0,88.727325,0.012996868095481182,-1.171281393162681
2015-07-01,1,0,107.89001,0.56075776964819,-0.765542407168706
2015-08-01,1,0,133.83475,1.0091274849389544,0.542569868760594
2015-09-01,1,0,111.12149,1.306325428084777,1.0686324695160665
2015-10-01,1,0,101.64856,1.448775363105341,1.3876513434750741
2015-11-01,1,0,58.387497,1.038232120151434,1.380280492169319
2015-12-01,1,0,18.696823,0.20564856798804357,1.1656716734214108
2016-01-01,1,0,9.667945,-1.5749563210332647,0.6635201296447517
2016-02-01,1,0,13.672921,-2.4270573239321656,-0.8351521304669673
2016-03-01,1,0,29.615332,-1.7913340447339734,-1.6752958874779322
2016-04-01,1,0,130.36554,-0.609419895816641,-1.3163150606317642
2016-05-01,1,0,133.79994,-0.11221438501563828,-1.083610270693457
2016-06-01,1,0,93.73568,0.47416247014308177,-0.8528273100829125
2016-07-01,1,0,155.78052,0.9452294461116743,-0.07610165597697639
2016-08-01,1,0,137.58308,1.3069662122335677,1.2858169777279866
2016-09-01,1,0,89.96143,1.4404085273412472,1.4663873170684825
2016-10-01,1,0,59.935295,1.1678827820153734,1.3720325649901017
2016-11-01,1,0,26.467823,0.4444136132497296,1.2181879678950276
2016-12-01,1,0,7.922478,-0.804618049288433,0.9179522155831884
2017-01-01,1,0,5.5931683,-2.7452941277599496,-0.07222613467560351
2017-03-01,1,0,44.390892,-2.0565705165300554,-1.7646690621359111
2017-04-01,1,0,70.00567,-0.9282213023312605,-1.8562092958323295
2017-05-01,1,0,129.24202,-0.1393577113186252,-1.1526739616289519
2017-06-01,1,0,72.37075,-0.2951870322050945,-1.1215919367336462
2017-07-01,1,0,157.4612,0.48399843958824945,-0.47056354641387427
2017-08-01,1,0,183.15742,1.1365286956247418,0.5625733432778838
2017-09-01,1,0,142.59479,1.7548329807078147,1.8248565961814542
2017-10-01,1,0,96.99458,1.6043487291283083,1.6512946223135836
2017-11-01,1,0,36.161613,1.1079506069488243,1.446184216329241
2017-12-01,1,0,4.1217523,0.1368513415061032,1.4580938764923148
2018-01-01,1,0,5.155042,-1.748425784307785,0.8726349752493352
2018-02-01,1,0,28.14524,-2.835138347151869,-0.18318635855961873
2018-03-01,1,0,57.77095,-1.4794861478917487,-1.8427303665348354
2018-04-01,1,0,166.47113,0.04907874999075455,-1.0631115307683752
2018-05-01,1,0,116.250175,0.37794402350641204,-0.5706841129509694
2018-06-01,1,0,114.737976,0.639100269251823,-0.28358708158059676
2018-07-01,1,0,127.29515,0.47736970593485895,0.1734753002864369
2018-08-01,1,0,161.40135,1.0759280279881844,1.0712432539541497
2018-09-01,1,0,102.89267,1.3293549677738516,2.0626955565001968
2018-10-01,1,0,76.91675,1.2532309711203697,1.2693735746350059
2018-11-01,1,0,38.89033,0.7905737523391837,1.1643190167952195
2018-12-01,1,0,9.395796,0.03002487076200434,1.0099869476172152
2019-01-01,1,0,4.8670382,-1.5612407607479568,0.49684970581991583
2019-02-01,1,0,16.170126,-3.09,-0.7276645904107565
2019-03-01,1,0,36.911396,-2.055698383348014,-2.49121029758934
2019-04-01,1,0,82.175026,-0.7851183988181372,-2.1464322237498377
2019-05-01,1,0,120.10779,-0.16621049497216867,-1.2501348605254674
2019-06-01,1,0,132.80415,0.20545188130328265,-0.7591489351873022
2019-07-01,1,0,153.2784,0.862830676677397,-0.1521561381604822
2019-08-01,1,0,153.06921,1.2979731594422188,0.6930844312506541
2019-09-01,1,0,133.91806,1.5623281570688552,1.9683119685782735
2019-10-01,1,0,171.53337,1.7451399358158628,2.010605145083755
2019-11-01,1,0,89.36996,1.6565160970442603,2.0054515360562233
2019-12-01,1,0,25.781803,1.12199530756615,1.8709397365503313
2020-01-01,1,0,14.846081,-0.3229813938081526,1.4102921076290462
2020-02-01,1,0,17.347467,-2.2132167409093118,0.7852298043871839
2020-03-01,1,0,72.47369,-1.2877045299327894,-0.06160525577406045
2020-04-01,1,0,144.45122,-0.059274343536005955,-0.5368104456015533
2020-05-01,1,0,105.295395,0.288705477589195,-0.5579186536762327
2020-06-01,1,0,93.26746,0.2633796721233677,-0.47845757129279265
2020-07-01,1,0,166.98772,0.5379376855371341,0.12413806341195444
2020-08-01,1,0,188.7822,1.3573670250296919,1.2224023247588864
2020-09-01,1,0,127.56308,1.7553538164828133,2.3144962946242873
2020-10-01,1,0,76.43513,1.4806483327210596,1.5450725860593395
2020-11-01,1,0,26.349037,0.8593324094924001,1.4076798139283855
2020-12-01,1,0,10.360333,-0.08390611219667024,1.3588622455604906
2021-01-01,1,0,7.015588,-1.7931692279498326,0.7164868141210379
2021-02-01,1,0,15.1697235,-3.020098114037779,-0.6032538172379189
2021-03-01,1,0,23.830425,-2.3253002330593917,-2.8829637319175125
2021-04-01,1,0,94.680275,-0.7993412961259077,-2.2784145597147685
2021-05-01,1,0,133.92723,-0.08716030807500359,-1.14337406408502
2021-06-01,1,0,79.27255,-0.0006038302609165161,-0.9772064053934018
2021-07-01,1,0,168.36424,0.668654853867291,-0.2827054495322831
2021-08-01,1,0,151.66498,1.0494298621842362,0.5328069148827154
2021-09-01,1,0,122.5297,1.5728959953105508,1.7938202271152597
2021-10-01,1,0,73.6466,1.283623618242459,1.411323931395457
2021-11-01,1,0,20.941963,0.7810573299499272,1.13925043558434
2021-12-01,1,0,10.205544,-0.16778539392422523,1.1476166446073286
2022-01-01,1,0,20.134462,-1.6046927325929545,0.5224034668545562
2022-02-01,1,0,12.3288145,-2.6556910273097833,-0.6309373834879615
2022-03-01,1,0,33.491707,-1.897553320382515,-2.6888075393385775
2022-04-01,1,0,69.35366,-0.9760574690497684,-2.4157320144992314
2022-05-01,1,0,66.002304,-0.6462443602585036,-1.6981565117368254
2022-06-01,1,0,105.13866,-0.5700980030365836,-1.265364678939444
2022-07-01,1,0,147.82848,0.13476389420229667,-0.7177431315541998
2022-08-01,1,0,155.65881,1.1089676551859693,0.06116803984569311
2022-09-01,1,0,113.500656,1.4530530218412614,1.10735910924593
2022-10-01,1,0,87.30241,1.3226002551560485,1.152303076910992
2022-11-01,1,0,23.524792,0.8240848796402472,1.2113818484330983
2022-12-01,1,0,14.102007,0.02752421626460049,1.1235048657201276
2023-01-01,1,0,8.308051,-1.7356977356148469,0.5398633940229829
2023-02-01,1,0,9.086631,-3.062645472703181,-0.6665884419133293
2023-03-01,1,0,134.33315,-0.7371473765319805,-1.2425512229800297
2023-04-01,1,0,131.26797,0.17549318337822348,-0.8742068522101085
2023-05-01,1,0,121.31462,0.5912789285641914,-0.35145353505088206
2023-06-01,1,0,105.96391,0.37435777501472756,-0.1843391826009329
2023-07-01,1,0,138.08446,0.5363843238142159,0.3042379986756195
2023-08-01,1,0,123.86709,0.8421422700646829,1.1319798055898613
2023-09-01,1,0,128.27269,1.3225659720403242,1.782003026875974
2023-10-01,1,0,134.11671,1.452949406000653,1.5143357882863915
2023-11-01,1,0,124.48398,1.623390458800884,1.7089650393176943
2023-12-01,1,0,10.745704,1.0282654488717593,1.6144910725613901
2024-01-01,1,0,14.286656,-0.09740305049065687,1.1842445528747059
2024-02-01,1,0,27.896986,-2.3482341320896376,0.704264706161548
2024-03-01,1,0,54.365097,-1.3998814834659155,-0.30109004787362287
2024-04-01,1,0,118.76512,-0.2739809690572453,-0.6397899160976342
2024-05-01,1,0,108.877205,0.0796979992066996,-0.8217373934114213
2024-06-01,1,0,94.69784,0.11035998810307228,-0.6232228806335316
2024-07-01,1,0,182.6733,0.7062094018762648,0.0663222193510444
2024-08-01,1,0,175.55186,1.3804831036251581,1.0206956764599928
2024-09-01,1,0,100.259995,1.6453613194119778,2.0061545938084677
2024-10-01,1,0,121.252144,1.4986805363512212,1.6579701264625177
2024-11-01,1,0,45.13645,1.0603200139822981,1.5707585021722077
2024-12-01,1,0,5.228729,0.40965536344776377,1.497124651204944
2025-01-01,1,0,5.2658253,-1.5054029043271597,0.7971731171240979
2025-02-01,1,0,9.241715,-3.09,-0.4007637197475482
2025-03-01,1,0,64.16105,-1.67357723119816,-1.5602398920027203
2025-04-01,1,0,82.41804,-0.6094843335763824,-1.8870161564269967
2025-05-01,1,0,102.52063,-0.10681459043076622,-1.2557500271959112
2025-06-01,1,0,73.51016,-0.40874885944902534,-1.075833324388053
2025-07-01,1,0,139.9989,0.10804119629714735,-0.5091579682038342
2025-08-01,1,0,185.96655,1.050548074545003,0.5134591491019748
2025-09-01,1,0,124.518524,1.6091553254425937,1.4945788099243722
2025-10-01,1,0,74.45288,1.4473160118364847,1.27645759626838
2025-11-01,1,0,16.165356,0.7690704949504082,1.1312889117583058
